{
  "posts": [
    {
      "id": "1",
      "username": "Lorem Ipsum",
      "imageUrl": "https://randomuser.me/api/portraits/men/28.jpg",
      "avatar": "https://randomuser.me/api/portraits/men/28.jpg",
      "likes": 548,
      "comments": 33
    },
    {
      "id": "2",
      "username": "Lorem Ipsum",
      "imageUrl": "https://randomuser.me/api/portraits/women/32.jpg",
      "avatar": "https://randomuser.me/api/portraits/women/32.jpg",
      "likes": 879,
      "comments": 67
    },
    {
      "id": "3",
      "username": "Lorem Ipsum",
      "imageUrl": "https://randomuser.me/api/portraits/men/33.jpg",
      "avatar": "https://randomuser.me/api/portraits/men/33.jpg",
      "likes": 244,
      "comments": 13
    },
    {
      "id": "4",
      "username": "Lorem Ipsum",
      "imageUrl": "https://randomuser.me/api/portraits/men/35.jpg",
      "avatar": "https://randomuser.me/api/portraits/men/35.jpg",
      "likes": 809,
      "comments": 63
    },
    {
      "id": "5",
      "username": "Lorem Ipsum",
      "imageUrl": "https://randomuser.me/api/portraits/women/15.jpg",
      "avatar": "https://randomuser.me/api/portraits/women/15.jpg",
      "likes": 504,
      "comments": 133
    },
    {
      "id": "6",
      "username": "Lorem Ipsum",
      "imageUrl": "https://randomuser.me/api/portraits/women/6.jpg",
      "avatar": "https://randomuser.me/api/portraits/women/6.jpg",
      "likes": 879,
      "comments": 67
    },
    {
      "id": "7",
      "username": "Lorem Ipsum",
      "imageUrl": "https://randomuser.me/api/portraits/men/7.jpg",
      "avatar": "https://randomuser.me/api/portraits/men/7.jpg",
      "likes": 89,
      "comments": 7
    },
    {
      "id": "8",
      "username": "Lorem Ipsum",
      "imageUrl": "https://randomuser.me/api/portraits/men/8.jpg",
      "avatar": "https://randomuser.me/api/portraits/men/8.jpg",
      "likes": 709,
      "comments": 167
    },
    {
      "id": "9",
      "username": "Lorem Ipsum",
      "imageUrl": "https://randomuser.me/api/portraits/men/9.jpg",
      "avatar": "https://randomuser.me/api/portraits/men/9.jpg",
      "likes": 845,
      "comments": 17
    },
    {
      "id": "10",
      "username": "Lorem Ipsum",
      "imageUrl": "https://randomuser.me/api/portraits/women/10.jpg",
      "avatar": "https://randomuser.me/api/portraits/women/10.jpg",
      "likes": 87,
      "comments": 77
    },
    {
      "id": "11",
      "username": "Lorem Ipsum",
      "imageUrl": "https://randomuser.me/api/portraits/men/11.jpg",
      "avatar": "https://randomuser.me/api/portraits/men/11.jpg",
      "likes": 123,
      "comments": 17
    },
    {
      "id": "12",
      "username": "Lorem Ipsum",
      "imageUrl": "https://randomuser.me/api/portraits/men/12.jpg",
      "avatar": "https://randomuser.me/api/portraits/men/12.jpg",
      "likes": 29,
      "comments": 17
    },
    {
      "id": "13",
      "username": "Lorem Ipsum",
      "imageUrl": "https://randomuser.me/api/portraits/women/13.jpg",
      "avatar": "https://randomuser.me/api/portraits/women/13.jpg",
      "likes": 87,
      "comments": 47
    },
    {
      "id": "14",
      "username": "Lorem Ipsum",
      "imageUrl": "https://randomuser.me/api/portraits/men/14.jpg",
      "avatar": "https://randomuser.me/api/portraits/men/14.jpg",
      "likes": 69,
      "comments": 77
    },
    {
      "id": "15",
      "username": "Lorem Ipsum",
      "imageUrl": "https://randomuser.me/api/portraits/women/15.jpg",
      "avatar": "https://randomuser.me/api/portraits/women/15.jpg",
      "likes": 879,
      "comments": 67
    },
    {
      "id": "16",
      "username": "Lorem Ipsum",
      "imageUrl": "https://randomuser.me/api/portraits/men/16.jpg",
      "avatar": "https://randomuser.me/api/portraits/men/16.jpg",
      "likes": 879,
      "comments": 67
    },
    {
      "id": "17",
      "username": "Lorem Ipsum",
      "imageUrl": "https://randomuser.me/api/portraits/men/17.jpg",
      "avatar": "https://randomuser.me/api/portraits/men/17.jpg",
      "likes": 879,
      "comments": 67
    }
  ],
  "stories": [
    {
      "id": "1",
      "imageUrl": "https://randomuser.me/api/portraits/women/30.jpg"
    },
    {
      "id": "2",
      "imageUrl": "https://randomuser.me/api/portraits/women/31.jpg"
    },
    {
      "id": "3",
      "imageUrl": "https://randomuser.me/api/portraits/women/32.jpg"
    },
    {
      "id": "4",
      "imageUrl": "https://randomuser.me/api/portraits/women/33.jpg"
    },
    {
      "id": "5",
      "imageUrl": "https://randomuser.me/api/portraits/women/34.jpg"
    },
    {
      "id": "6",
      "imageUrl": "https://randomuser.me/api/portraits/women/35.jpg"
    },
    {
      "id": "7",
      "imageUrl": "https://randomuser.me/api/portraits/women/36.jpg"
    },
    {
      "id": "8",
      "imageUrl": "https://randomuser.me/api/portraits/women/37.jpg"
    }
  ]
}